<?xml version="1.0" encoding="UTF-8"?><StructureDefinition xmlns="http://hl7.org/fhir"><id value="InvestigationalMedicinalProduct"/><text><status value="extensions"/><div xmlns="http://www.w3.org/1999/xhtml"><table border="0" cellpadding="0" cellspacing="0" style="border: 0px #F0F0F0 solid; font-size: 11px; font-family: verdana; vertical-align: top;"><tr style="border: 1px #F0F0F0 solid; font-size: 11px; font-family: verdana; vertical-align: top"><th style="vertical-align: top; text-align : left; background-color: white; border: 0px #F0F0F0 solid; padding:0px 4px 0px 4px" class="hierarchy"><a href="http://hl7.org/fhir/R4/formats.html#table" title="The logical name of the element">Name</a></th><th style="vertical-align: top; text-align : left; background-color: white; border: 0px #F0F0F0 solid; padding:0px 4px 0px 4px" class="hierarchy"><a href="http://hl7.org/fhir/R4/formats.html#table" title="Information about the use of the element">Flags</a></th><th style="vertical-align: top; text-align : left; background-color: white; border: 0px #F0F0F0 solid; padding:0px 4px 0px 4px" class="hierarchy"><a href="http://hl7.org/fhir/R4/formats.html#table" title="Minimum and Maximum # of times the the element can appear in the instance">Card.</a></th><th style="width: 100px" class="hierarchy"><a href="http://hl7.org/fhir/R4/formats.html#table" title="Reference to the type of the element">Type</a></th><th style="vertical-align: top; text-align : left; background-color: white; border: 0px #F0F0F0 solid; padding:0px 4px 0px 4px" class="hierarchy"><a href="http://hl7.org/fhir/R4/formats.html#table" title="Additional information about the element">Description &amp; Constraints</a><span style="float: right"><a href="http://hl7.org/fhir/R4/formats.html#table" title="Legend for this format"><img src="http://hl7.org/fhir/R4/help16.png" alt="doco" style="background-color: inherit"/></a></span></th></tr><tr style="border: 0px #F0F0F0 solid; padding:0px; vertical-align: top; background-color: white"><td style="vertical-align: top; text-align : left; background-color: white; border: 0px #F0F0F0 solid; padding:0px 4px 0px 4px; white-space: nowrap; background-image: url(tbl_bck1.png)" class="hierarchy"><img src="tbl_spacer.png" alt="." style="background-color: inherit" class="hierarchy"/><img src="icon_element.gif" alt="." style="background-color: white; background-color: inherit" title="Element" class="hierarchy"/> <a href="StructureDefinition-InvestigationalMedicinalProduct-definitions.html#InvestigationalMedicinalProduct" title="ISO 11615 Investigational Medicinal Product">InvestigationalMedicinalProduct</a><a name="InvestigationalMedicinalProduct"> </a></td><td style="vertical-align: top; text-align : left; background-color: white; border: 0px #F0F0F0 solid; padding:0px 4px 0px 4px" class="hierarchy"/><td style="vertical-align: top; text-align : left; background-color: white; border: 0px #F0F0F0 solid; padding:0px 4px 0px 4px" class="hierarchy"><span style="opacity: 0.5">0</span><span style="opacity: 0.5">..</span><span style="opacity: 0.5">*</span></td><td style="vertical-align: top; text-align : left; background-color: white; border: 0px #F0F0F0 solid; padding:0px 4px 0px 4px" class="hierarchy"/><td style="vertical-align: top; text-align : left; background-color: white; border: 0px #F0F0F0 solid; padding:0px 4px 0px 4px" class="hierarchy"/></tr>
<tr style="border: 0px #F0F0F0 solid; padding:0px; vertical-align: top; background-color: #F7F7F7"><td style="vertical-align: top; text-align : left; background-color: #F7F7F7; border: 0px #F0F0F0 solid; padding:0px 4px 0px 4px; white-space: nowrap; background-image: url(tbl_bck10.png)" class="hierarchy"><img src="tbl_spacer.png" alt="." style="background-color: inherit" class="hierarchy"/><img src="tbl_vjoin.png" alt="." style="background-color: inherit" class="hierarchy"/><img src="icon_datatype.gif" alt="." style="background-color: #F7F7F7; background-color: inherit" title="Data Type" class="hierarchy"/> <a href="StructureDefinition-InvestigationalMedicinalProduct-definitions.html#InvestigationalMedicinalProduct.IMPID" title="identifier">IMPID</a><a name="InvestigationalMedicinalProduct.IMPID"> </a></td><td style="vertical-align: top; text-align : left; background-color: #F7F7F7; border: 0px #F0F0F0 solid; padding:0px 4px 0px 4px" class="hierarchy"/><td style="vertical-align: top; text-align : left; background-color: #F7F7F7; border: 0px #F0F0F0 solid; padding:0px 4px 0px 4px" class="hierarchy">0..*</td><td style="vertical-align: top; text-align : left; background-color: #F7F7F7; border: 0px #F0F0F0 solid; padding:0px 4px 0px 4px" class="hierarchy"><a href="http://hl7.org/fhir/R4/datatypes.html#Identifier">Identifier</a></td><td style="vertical-align: top; text-align : left; background-color: #F7F7F7; border: 0px #F0F0F0 solid; padding:0px 4px 0px 4px" class="hierarchy">identifier<br/></td></tr>
<tr style="border: 0px #F0F0F0 solid; padding:0px; vertical-align: top; background-color: white"><td style="vertical-align: top; text-align : left; background-color: white; border: 0px #F0F0F0 solid; padding:0px 4px 0px 4px; white-space: nowrap; background-image: url(tbl_bck10.png)" class="hierarchy"><img src="tbl_spacer.png" alt="." style="background-color: inherit" class="hierarchy"/><img src="tbl_vjoin.png" alt="." style="background-color: inherit" class="hierarchy"/><img src="icon_datatype.gif" alt="." style="background-color: white; background-color: inherit" title="Data Type" class="hierarchy"/> <a href="StructureDefinition-InvestigationalMedicinalProduct-definitions.html#InvestigationalMedicinalProduct.CombinedPharmaceuticalDoseForm" title="The combined pharmaceutical dose form is a single term to describe two or more manufactured items that are intended to be combined in a specific way to produce a single pharmaceutical product.">CombinedPharmaceuticalDoseForm</a><a name="InvestigationalMedicinalProduct.CombinedPharmaceuticalDoseForm"> </a></td><td style="vertical-align: top; text-align : left; background-color: white; border: 0px #F0F0F0 solid; padding:0px 4px 0px 4px" class="hierarchy"/><td style="vertical-align: top; text-align : left; background-color: white; border: 0px #F0F0F0 solid; padding:0px 4px 0px 4px" class="hierarchy">0..1</td><td style="vertical-align: top; text-align : left; background-color: white; border: 0px #F0F0F0 solid; padding:0px 4px 0px 4px" class="hierarchy"><a href="http://hl7.org/fhir/R4/datatypes.html#CodeableConcept">CodeableConcept</a></td><td style="vertical-align: top; text-align : left; background-color: white; border: 0px #F0F0F0 solid; padding:0px 4px 0px 4px" class="hierarchy">The combined pharmaceutical dose form is a single term to describe two or more manufactured items that are intended to be combined in a specific way to produce a single pharmaceutical product.</td></tr>
<tr style="border: 0px #F0F0F0 solid; padding:0px; vertical-align: top; background-color: #F7F7F7"><td style="vertical-align: top; text-align : left; background-color: #F7F7F7; border: 0px #F0F0F0 solid; padding:0px 4px 0px 4px; white-space: nowrap; background-image: url(tbl_bck00.png)" class="hierarchy"><img src="tbl_spacer.png" alt="." style="background-color: inherit" class="hierarchy"/><img src="tbl_vjoin_end.png" alt="." style="background-color: inherit" class="hierarchy"/><img src="icon_datatype.gif" alt="." style="background-color: #F7F7F7; background-color: inherit" title="Data Type" class="hierarchy"/> <a href="StructureDefinition-InvestigationalMedicinalProduct-definitions.html#InvestigationalMedicinalProduct.ProductClassification" title="classification">ProductClassification</a><a name="InvestigationalMedicinalProduct.ProductClassification"> </a></td><td style="vertical-align: top; text-align : left; background-color: #F7F7F7; border: 0px #F0F0F0 solid; padding:0px 4px 0px 4px" class="hierarchy"/><td style="vertical-align: top; text-align : left; background-color: #F7F7F7; border: 0px #F0F0F0 solid; padding:0px 4px 0px 4px" class="hierarchy">0..*</td><td style="vertical-align: top; text-align : left; background-color: #F7F7F7; border: 0px #F0F0F0 solid; padding:0px 4px 0px 4px" class="hierarchy"><a href="http://hl7.org/fhir/R4/datatypes.html#BackboneElement">BackboneElement</a></td><td style="vertical-align: top; text-align : left; background-color: #F7F7F7; border: 0px #F0F0F0 solid; padding:0px 4px 0px 4px" class="hierarchy">classification<br/></td></tr>
<tr><td colspan="5" class="hierarchy"><br/><a href="http://hl7.org/fhir/R4/formats.html#table" title="Legend for this format"><img src="http://hl7.org/fhir/R4/help16.png" alt="doco" style="background-color: inherit"/> Documentation for this format</a></td></tr></table></div></text><url value="http://example.com/fhir/example/StructureDefinition/InvestigationalMedicinalProduct"/><version value="1.0.0"/><name value="IDMP11615Investigational"/><status value="active"/><date value="2022-08-24T08:07:55+00:00"/><publisher value="My Organization"/><contact><name value="My Organization"/><telecom><system value="url"/><value value="http://example.com/committees"/></telecom><telecom><system value="email"/><value value="my-group@example.com"/></telecom></contact><contact><name value="Bob Smith"/><telecom><system value="email"/><value value="bobsmith@example.com"/><use value="work"/></telecom></contact><description value="ISO 11615 Investigational Medicinal Product"/><jurisdiction><coding><system value="http://unstats.un.org/unsd/methods/m49/m49.htm"/><code value="001"/><display value="World"/></coding></jurisdiction><fhirVersion value="4.0.1"/><mapping><identity value="rim"/><uri value="http://hl7.org/v3"/><name value="RIM Mapping"/></mapping><kind value="logical"/><abstract value="false"/><type value="http://example.com/fhir/example/StructureDefinition/InvestigationalMedicinalProduct"/><baseDefinition value="http://hl7.org/fhir/StructureDefinition/Base"/><derivation value="specialization"/><snapshot><element id="InvestigationalMedicinalProduct"><path value="InvestigationalMedicinalProduct"/><definition value="ISO 11615 Investigational Medicinal Product"/><min value="0"/><max value="*"/><base><path value="Base"/><min value="0"/><max value="*"/></base><isModifier value="false"/></element><element id="InvestigationalMedicinalProduct.IMPID"><path value="InvestigationalMedicinalProduct.IMPID"/><short value="identifier"/><definition value="identifier"/><min value="0"/><max value="*"/><base><path value="InvestigationalMedicinalProduct.IMPID"/><min value="0"/><max value="*"/></base><type><code value="Identifier"/></type></element><element id="InvestigationalMedicinalProduct.CombinedPharmaceuticalDoseForm"><path value="InvestigationalMedicinalProduct.CombinedPharmaceuticalDoseForm"/><short value="The combined pharmaceutical dose form is a single term to describe two or more manufactured items that are intended to be combined in a specific way to produce a single pharmaceutical product."/><definition value="The combined pharmaceutical dose form is a single term to describe two or more manufactured items that are intended to be combined in a specific way to produce a single pharmaceutical product."/><min value="0"/><max value="1"/><base><path value="InvestigationalMedicinalProduct.CombinedPharmaceuticalDoseForm"/><min value="0"/><max value="1"/></base><type><code value="CodeableConcept"/></type></element><element id="InvestigationalMedicinalProduct.ProductClassification"><path value="InvestigationalMedicinalProduct.ProductClassification"/><short value="classification"/><definition value="classification"/><min value="0"/><max value="*"/><base><path value="InvestigationalMedicinalProduct.ProductClassification"/><min value="0"/><max value="*"/></base><type><code value="BackboneElement"/></type></element></snapshot><differential><element id="InvestigationalMedicinalProduct"><path value="InvestigationalMedicinalProduct"/><definition value="ISO 11615 Investigational Medicinal Product"/></element><element id="InvestigationalMedicinalProduct.IMPID"><path value="InvestigationalMedicinalProduct.IMPID"/><short value="identifier"/><definition value="identifier"/><min value="0"/><max value="*"/><type><code value="Identifier"/></type></element><element id="InvestigationalMedicinalProduct.CombinedPharmaceuticalDoseForm"><path value="InvestigationalMedicinalProduct.CombinedPharmaceuticalDoseForm"/><short value="The combined pharmaceutical dose form is a single term to describe two or more manufactured items that are intended to be combined in a specific way to produce a single pharmaceutical product."/><definition value="The combined pharmaceutical dose form is a single term to describe two or more manufactured items that are intended to be combined in a specific way to produce a single pharmaceutical product."/><min value="0"/><max value="1"/><type><code value="CodeableConcept"/></type></element><element id="InvestigationalMedicinalProduct.ProductClassification"><path value="InvestigationalMedicinalProduct.ProductClassification"/><short value="classification"/><definition value="classification"/><min value="0"/><max value="*"/><type><code value="BackboneElement"/></type></element></differential></StructureDefinition>