"Id","Path","Slice Name","Alias(s)","Label","Min","Max","Must Support?","Is Modifier?","Is Summary?","Type(s)","Short","Definition","Comments","Requirements","Default Value","Meaning When Missing","Fixed Value","Pattern","Example","Minimum Value","Maximum Value","Maximum Length","Binding Strength","Binding Description","Binding Value Set","Code","Slicing Discriminator","Slicing Description","Slicing Ordered","Slicing Rules","Base Path","Base Min","Base Max","Condition(s)","Constraint(s)","Mapping: RIM Mapping"
"InvestigationalMedicinalProduct","InvestigationalMedicinalProduct","","","",0,*,"","","","","","ISO 11615 Investigational Medicinal Product","","","","","","","","","",,,,,"",,,,"Base",0,*,"",""
"InvestigationalMedicinalProduct.IMPID","InvestigationalMedicinalProduct.IMPID","","","",0,*,"","","","Identifier {[]} {[]}
","identifier","identifier","","","","","","","","","",,,,,"",,,,"InvestigationalMedicinalProduct.IMPID",0,*,"",""
"InvestigationalMedicinalProduct.CombinedPharmaceuticalDoseForm","InvestigationalMedicinalProduct.CombinedPharmaceuticalDoseForm","","","",0,1,"","","","CodeableConcept {[]} {[]}
","The combined pharmaceutical dose form is a single term to describe two or more manufactured items that are intended to be combined in a specific way to produce a single pharmaceutical product.","The combined pharmaceutical dose form is a single term to describe two or more manufactured items that are intended to be combined in a specific way to produce a single pharmaceutical product.","","","","","","","","","",,,,,"",,,,"InvestigationalMedicinalProduct.CombinedPharmaceuticalDoseForm",0,1,"",""
"InvestigationalMedicinalProduct.ProductClassification","InvestigationalMedicinalProduct.ProductClassification","","","",0,*,"","","","BackboneElement {[]} {[]}
","classification","classification","","","","","","","","","",,,,,"",,,,"InvestigationalMedicinalProduct.ProductClassification",0,*,"",""
